mode,repeat,transactions,api_started_tps,end_seconds,last_api_finished_seconds,start_seconds,min_worker_transactions
no_io,1,3948123,394812.3,10,10.000158539,0,97661
no_io,1,3951229,395122.9,20,20.000544364,10,97928
no_io,1,3950724,395072.4,30,30.000279518,20,97853
no_io,1,3951294,395129.4,40,40.000388513,30,97926
no_io,1,3948453,394845.3,50,50.000653116,40,97810
no_io,1,3951240,395124.0,60,60.000144159,50,97813
sql,3,5016059,501605.9,10,60.533787591,0,1
sql,3,4721297,472129.7,20,60.533788581,10,0
sql,3,4293745,429374.5,30,60.533788871,20,0
sql,3,4470102,447010.2,40,60.533789031,30,0
sql,3,4617548,461754.8,50,60.533789251,40,0
sql,3,4470783,447078.3,60,60.533793011,50,0
epgsql,2,1368574,136857.4,10,10.000446543,0,34118
epgsql,2,1365575,136557.5,20,20.000519079,10,34074
epgsql,2,1364478,136447.8,30,30.000384379,20,34017
epgsql,2,1367894,136789.4,40,40.00036611,30,34112
epgsql,2,1363719,136371.9,50,50.000343514,40,33989
epgsql,2,1364555,136455.5,60,60.00391095,50,33970
postgrex,2,1157433,115743.3,10,10.00054011,0,28847
postgrex,2,1161908,116190.8,20,20.000533009,10,28921
postgrex,2,1158390,115839.0,30,30.000509699,20,28820
postgrex,2,1165093,116509.3,40,40.000573987,30,28999
postgrex,2,1152457,115245.7,50,50.000523775,40,28718
postgrex,2,1164923,116492.3,60,60.000267332,50,29053
postgrex,3,1150320,115032.0,10,10.000357707,0,28663
postgrex,3,1163067,116306.7,20,20.00039284,10,28959
postgrex,3,1155144,115514.4,30,30.0005379,20,28791
postgrex,3,1157615,115761.5,40,40.000377477,30,28846
postgrex,3,1150138,115013.8,50,50.000352611,40,28643
postgrex,3,1158454,115845.4,60,60.00022911,50,28833
ecto,2,1081234,108123.4,10,10.000472887,0,26909
ecto,2,1077398,107739.8,20,20.000503156,10,26794
ecto,2,1076492,107649.2,30,30.00052396,20,26829
ecto,2,1078307,107830.7,40,40.000370488,30,26827
ecto,2,1076032,107603.2,50,50.000473512,40,26781
ecto,2,1077409,107740.9,60,60.000245299,50,26773
no_io,2,3962328,396232.8,10,10.000190641,0,97658
no_io,2,3962990,396299.0,20,20.000658971,10,97524
no_io,2,3940948,394094.8,30,30.000323534,20,96850
no_io,2,3964461,396446.1,40,40.000136469,30,97965
no_io,2,3972169,397216.9,50,50.000678118,40,98185
no_io,2,3993134,399313.4,60,60.000126448,50,98604
epgsql_batch,1,2581212,258121.2,10,10.000210521,0,64351
epgsql_batch,1,2578144,257814.4,20,20.000250669,10,64314
epgsql_batch,1,2566491,256649.1,30,30.000246438,20,64004
epgsql_batch,1,2574054,257405.4,40,40.000189438,30,64086
epgsql_batch,1,2579411,257941.1,50,50.000196309,40,64302
epgsql_batch,1,2566594,256659.4,60,60.000841931,50,63958
epgsql,1,1377276,137727.6,10,10.000379731,0,34288
epgsql,1,1372511,137251.1,20,20.000387325,10,34210
epgsql,1,1372987,137298.7,30,30.000311948,20,34208
epgsql,1,1373791,137379.1,40,40.000348702,30,34253
epgsql,1,1371349,137134.9,50,50.000335995,40,34119
epgsql,1,1370902,137090.2,60,60.004200808,50,34165
epgsql_batch,3,2581225,258122.5,10,10.000188139,0,64314
epgsql_batch,3,2579290,257929.0,20,20.000215,10,64287
epgsql_batch,3,2567357,256735.7,30,30.000156709,20,64015
epgsql_batch,3,2575182,257518.2,40,40.000224017,30,64232
epgsql_batch,3,2576782,257678.2,50,50.000233903,40,64125
epgsql_batch,3,2565768,256576.8,60,60.000746077,50,63937
ecto,1,1074807,107480.7,10,10.000601439,0,26723
ecto,1,1074448,107444.8,20,20.000490047,10,26773
ecto,1,1075084,107508.4,30,30.000492234,20,26729
ecto,1,1074107,107410.7,40,40.000541227,30,26724
ecto,1,1073994,107399.4,50,50.000730348,40,26742
ecto,1,1075905,107590.5,60,60.000287166,50,26801
sql,2,5157352,515735.2,10,60.899938431,0,1
sql,2,4547471,454747.1,20,60.899939091,10,0
sql,2,4854892,485489.2,30,60.899939341,20,0
sql,2,4498834,449883.4,40,60.899939501,30,0
sql,2,4580778,458077.8,50,60.899939751,40,0
sql,2,4575334,457533.4,60,60.899939951,50,0
epgsql,3,1374237,137423.7,10,10.000311857,0,34247
epgsql,3,1369559,136955.9,20,20.000331131,10,34162
epgsql,3,1368096,136809.6,30,30.00031171,20,34118
epgsql,3,1369056,136905.6,40,40.000440946,30,34116
epgsql,3,1367737,136773.7,50,50.000493917,40,34101
epgsql,3,1368508,136850.8,60,60.002861273,50,34097
ecto,3,1076857,107685.7,10,10.000625486,0,26813
ecto,3,1069188,106918.8,20,20.000518947,10,26624
ecto,3,1069606,106960.6,30,30.000520809,20,26637
ecto,3,1070802,107080.2,40,40.000576883,30,26620
ecto,3,1071912,107191.2,50,50.000442041,40,26658
ecto,3,1071557,107155.7,60,60.000366729,50,26694
postgrex,1,1160234,116023.4,10,10.000417746,0,28843
postgrex,1,1164341,116434.1,20,20.000433106,10,28986
postgrex,1,1151019,115101.9,30,30.000497889,20,28671
postgrex,1,1161186,116118.6,40,40.00046071,30,28891
postgrex,1,1150286,115028.6,50,50.000557281,40,28647
postgrex,1,1158792,115879.2,60,60.000281546,50,28813
postgrex_held,3,1450074,145007.4,10,10.000438791,0,35836
postgrex_held,3,1438988,143898.8,20,20.000435882,10,35501
postgrex_held,3,1449592,144959.2,30,30.000368959,20,35703
postgrex_held,3,1441609,144160.9,40,40.000410415,30,35564
postgrex_held,3,1448057,144805.7,50,50.000429314,40,35735
postgrex_held,3,1440919,144091.9,60,60.000205119,50,35420
postgrex_held,1,1454999,145499.9,10,10.000374942,0,35700
postgrex_held,1,1438823,143882.3,20,20.000446836,10,35528
postgrex_held,1,1441809,144180.9,30,30.000450465,20,35578
postgrex_held,1,1432776,143277.6,40,40.000449214,30,35356
postgrex_held,1,1445142,144514.2,50,50.000316434,40,35577
postgrex_held,1,1440577,144057.7,60,60.000241138,50,35243
no_io,3,3940019,394001.9,10,10.000183502,0,97494
no_io,3,3933375,393337.5,20,20.000179322,10,97204
no_io,3,3953622,395362.2,30,30.000160726,20,96889
no_io,3,3978714,397871.4,40,40.000184665,30,98498
no_io,3,3935975,393597.5,50,50.000148643,40,96924
no_io,3,3942517,394251.7,60,60.000136451,50,97629
sql,1,5171109,517110.9,10,60.525945288,0,1
sql,1,4803484,480348.4,20,60.525945698,10,0
sql,1,4828039,482803.9,30,60.525945788,20,0
sql,1,4334938,433493.8,40,60.525945848,30,0
sql,1,4742955,474295.5,50,60.525945928,40,0
sql,1,4337840,433784.0,60,60.525945998,50,0
postgrex_held,2,1487939,148793.9,10,10.000387273,0,36824
postgrex_held,2,1476585,147658.5,20,20.000458417,10,36529
postgrex_held,2,1486683,148668.3,30,30.000433884,20,36668
postgrex_held,2,1480168,148016.8,40,40.000443924,30,36438
postgrex_held,2,1487679,148767.9,50,50.00030424,40,36579
postgrex_held,2,1475829,147582.9,60,60.000270953,50,36504
epgsql_batch,2,2591478,259147.8,10,10.000197567,0,64591
epgsql_batch,2,2586930,258693.0,20,20.000240793,10,64470
epgsql_batch,2,2577436,257743.6,30,30.000192262,20,64250
epgsql_batch,2,2587519,258751.9,40,40.000164027,30,64502
epgsql_batch,2,2588149,258814.9,50,50.000221808,40,64529
epgsql_batch,2,2580971,258097.1,60,60.000827677,50,64316
