suite,mode,schedulers,workers,connections,docker_median_tps,native_median_tps,change_percent,docker_min_tps,docker_max_tps,native_min_tps,native_max_tps,repeat_ranges,native_unsuccessful_attempts,docker_min_fairness,native_min_fairness,native_min_worker_completions
matrix,ecto,8,40,8,62440.69658621541,59628.25376033036,-4.504182335637075,62299.572433155976,62593.67481729252,59423.18019352265,63853.72996343406,overlap,0,0.9999427908780821,0.9999564848621092,7348
matrix,ecto,10,1,10,8439.103905611648,8304.613732496748,-1.5936546654612194,8308.039769483397,8492.807415400486,7926.709443685973,8682.787988231097,overlap,0,1.0,1.0,39634
matrix,ecto,10,10,10,67771.77459436002,66775.79322679504,-1.4696108719689072,65392.731240020716,69689.6916314223,66503.88003298345,66837.62605628553,overlap,0,0.9999720927437824,0.9999907900065251,33142
matrix,ecto,10,40,10,72071.41111837434,71140.18809607395,-1.2920837927966944,70799.98367913741,76398.76224566204,64806.78167097515,75666.51060581338,overlap,0,0.9999417205856767,0.9999531150696392,8005
matrix,ecto,16,40,16,96185.69625253181,94731.88417200424,-1.5114639048935508,95984.44505317723,97898.22052864874,88745.82290180332,95693.37764053815,native below,0,0.9999630300024627,0.9999689134644757,10966
matrix,epgsql,8,40,40,140332.89088884497,138324.36390972228,-1.4312588919112357,139514.59430752683,144990.91867363927,137792.58023482806,138414.28181229005,native below,0,0.9999947005849217,0.9999950217730259,17163
matrix,epgsql,10,1,1,15080.963730282228,16303.574416431025,8.106979819159843,13126.144177134043,16697.07618450126,16040.0868756833,17119.517405176328,overlap,0,1.0,1.0,80201
matrix,epgsql,10,10,10,79073.4974905997,83432.00492198771,5.511969964280583,78758.52859361607,83375.5058112736,76523.1008611054,83940.5223474706,overlap,0,0.9991484449910284,0.9994538531610668,37313
matrix,epgsql,10,40,40,139390.75722482108,138028.16985635203,-0.9775306452144084,138551.94529569073,139426.94403012726,137555.23333807223,138235.8739755842,native below,0,0.9999776711401892,0.9999839000845101,17125
matrix,epgsql,16,40,40,132127.18761434953,130110.01898085981,-1.5266870277882538,132109.60228045343,132242.7843762596,130106.07476975532,130132.35091117473,native below,0,0.9999940932184844,0.9999924423801306,16183
matrix,epgsql_batch,10,10,10,155699.42605396692,149868.95761334075,-3.744694883207389,154134.67221167023,157698.72169849175,147971.8015809222,163116.03621673025,overlap,0,0.9993160087048615,0.9993021987556236,70731
matrix,no_io,8,40,8,381416.3452722299,386595.6718611516,1.3579194109326842,381017.9448258114,383586.3753478583,384277.0842780675,388220.6904113454,native above,0,0.9999075328512296,0.9999103956965418,47009
matrix,no_io,10,40,10,391541.15775316255,395888.98265960213,1.1104387930477966,390145.87687370926,393899.13913810236,392226.98656616063,395928.47193519486,overlap,0,0.9999395026939183,0.9999226307551978,48178
matrix,no_io,16,40,16,410707.9358696681,407039.1452756975,-0.8932845639327502,407374.5349828029,416530.27756450063,373292.69932750944,414395.0346282073,overlap,0,0.9999378361808273,0.9999513247193994,45883
matrix,postgrex,8,40,8,65518.892299153544,70594.1001087218,7.7461746245576,64810.57642054601,70051.63767268747,67910.26875222799,72010.63065086537,overlap,0,0.9999506673913487,0.9999406313534902,8391
matrix,postgrex,10,1,10,8952.637926814556,8791.558345596559,-1.799241547963626,8680.36727675144,9065.76628260204,8398.863567180442,8800.836443495366,overlap,0,1.0,1.0,41995
matrix,postgrex,10,10,10,76940.02930634118,76239.09335176219,-0.9110159703581311,75290.52855202618,78560.87734794276,75300.61044771515,77186.08041762603,overlap,0,0.9999915222087866,0.9999843814273904,37491
matrix,postgrex,10,40,10,83827.23358942072,84527.88533705423,0.8358283073794937,77540.14494364691,84459.75098435052,81033.70570946972,86683.48388327331,overlap,0,0.9999486860415788,0.999931423090079,9943
matrix,postgrex,16,40,16,104577.35231676913,102385.18519077281,-2.0962159372290845,104387.51147396403,105456.6795010317,99403.0824639612,104229.93492774373,native below,0,0.9999418368554657,0.999948740639988,12260
matrix,postgrex_held,10,10,10,114875.11469259267,114018.42859856585,-0.745754288315037,114162.63188876314,115685.47101713977,113131.76810253182,115118.08107209038,overlap,0,0.999824609109535,0.9999299046076405,55867
matrix,sql,8,40,8,396302.19780371635,398743.09104269213,0.6159171593049573,383693.8052025692,430892.1752778736,388539.66840797506,415129.58991538954,overlap,1,0.17347218595753797,0.17278738203419877,1
matrix,sql,10,1,10,85220.28864575426,83201.58565725869,-2.3688056219651643,85035.00348743505,85964.10445829321,80399.01687625697,87582.45893542164,overlap,0,1.0,1.0,438487
matrix,sql,10,10,10,356854.7726801468,343332.87913773593,-3.7891866881462954,344953.58169509005,434851.7773784026,326682.7002694959,416640.81043171696,overlap,0,0.49743118974718725,0.49271513201664024,1
matrix,sql,10,40,10,482214.4131888577,479358.6196451554,-0.5922248413972375,454264.53437861806,491101.9728858312,469487.5062591365,479620.0901484307,overlap,0,0.22218169798149323,0.22389262517726807,1
matrix,sql,16,40,16,555112.5122239185,565599.4395255733,1.889153472625149,540610.0781138112,566894.0404985717,536205.427188972,591892.3104808144,overlap,0,0.33416107371309056,0.3220136692129544,1
pool-sweep,ecto,10,40,1,9402.240260439909,9055.897333664396,-3.6836213198332857,9153.689120328785,9454.751825488942,9001.040864674767,9100.431765313402,native below,0,0.9999998234254094,0.999999544897255,1126
pool-sweep,ecto,10,40,4,33754.81272565125,32537.91787890807,-3.6051002760220663,32499.478647906715,35409.96333939089,31881.761745053165,33825.34915766336,overlap,0,0.9999853363208897,0.9999836188729513,3951
pool-sweep,ecto,10,40,10,72610.23611166891,68596.6969571167,-5.527511504548343,66535.60747312183,76125.85474870435,62459.86627326072,73771.01327417976,overlap,0,0.9999435237207912,0.9999502553458784,7686
pool-sweep,ecto,10,40,20,98633.35968696486,97152.57175665608,-1.5013053747823246,98563.81033336137,100009.18877906185,96296.6540593726,97262.61433754307,native below,0,0.999956288620785,0.9999644710668951,11806
pool-sweep,ecto,10,40,40,108406.57464120288,107038.37286669175,-1.2621022101653168,107516.70339342399,109757.08255149791,106958.76347007453,107734.12100652386,overlap,0,0.9999771247390261,0.999980506366854,13262
pool-sweep,postgrex,10,40,1,9756.691489857792,9868.28744933414,1.1437889533798762,9694.035662660901,10463.651729890049,9726.93607739145,10052.74834541303,overlap,0,0.9999998137567269,0.9999994921032342,1216
pool-sweep,postgrex,10,40,4,35533.75608162311,36630.71396748639,3.0870867783959977,35529.35107749208,35657.91991565064,35483.24990863568,37730.95240105576,overlap,0,0.9999892223960579,0.9999878421593528,4407
pool-sweep,postgrex,10,40,10,83397.96056006072,74975.93844725142,-10.098594805257866,80945.41748733379,86839.48611787878,73325.87957680006,84124.15720509124,overlap,0,0.9999356387463828,0.9999596859968186,9020
pool-sweep,postgrex,10,40,20,106283.46667051456,105460.78630904642,-0.7740435904471377,106115.37319346242,106944.59718418875,97668.27313166566,105955.03599640031,native below,0,0.9999627167379171,0.9999601822927919,12071
pool-sweep,postgrex,10,40,40,116197.2214451441,115278.16300571155,-0.7909470020041942,115656.90967512797,116269.44966138473,115127.1067791763,115412.24044357192,native below,0,0.9999910911567947,0.9999903923933043,14313
controls,epgsql_batch,10,40,40,261491.88814370768,257560.4684170417,-1.5034576233222907,259508.0382701092,262926.1077627079,256298.78144379798,259539.55733733322,overlap,0,0.9999955797722693,0.9999962289461036,31910
controls,postgrex_held,10,40,40,143981.41966370566,142685.63957604842,-0.8999634054753569,142297.7635149317,144403.25398737026,141974.50368424907,145348.95979175487,overlap,0,0.9999287509381918,0.9998991450961346,17400
